id;file_name;file_type;last_modified;converted;s_3_url;category
1;finally;expense;2025-01-06;false;near than;wetly
2;unique where positively;lovingly deduction;2025-01-06;true;annex onto;since intrepid towards
3;woot safely duh;gleaming along;2025-01-06;false;popularity unwilling;aw anesthetize
4;typeface oh extremely;vol flawed astride;2025-01-07;true;even gosh regarding;where
5;step-mother;replicate;2025-01-06;true;barring concerning;massive seriously provided
6;polished;pace;2025-01-06;false;versus unlike;oh even replacement
7;scruple;baa weatherize;2025-01-07;false;so;access
8;pop sedately;team essential;2025-01-07;true;story major;duh acceptable aboard
9;gadzooks ack;voluminous;2025-01-07;false;thunderbolt wherever diver;ha
10;subsidy;drowse;2025-01-06;true;purple smoke empty;hence
